Hidden Layers,Learning Rate,Final Loss,Final Accuracy,Test Accuracy,Execution Time
"(160, 100)",1,2.5155206,0.09968334,0.113799475,1089.1433374881744
"(100, 160)",1,2.5160165,0.10073334,0.089199565,1415.4073264598846
"(100, 100)",1,2.5104346,0.10038334,0.10319947,1196.1941125392914
"(100, 60)",1,2.5099719,0.10191666,0.09739954,1210.1165745258331
"(60, 60)",1,2.5186155,0.09993334,0.089199565,1180.057456254959
