Hidden Layers,Learning Rate,Final Loss,Final Accuracy,Test Accuracy,Execution Time
"(160, 100)",0.01,1.115283,0.6894333,0.7075003,1019.7993042469025
"(100, 160)",0.01,0.54308766,0.85566664,0.8853017,1355.3897078037262
"(100, 100)",0.01,0.85928416,0.78885,0.7887005,1146.085301399231
"(100, 60)",0.01,0.8944917,0.7879001,0.7417,1020.1102068424225
"(60, 60)",0.01,0.38169116,0.91595006,0.9121018,1322.093934059143
