Hidden Layers,Learning Rate,Final Loss,Final Accuracy,Test Accuracy,Execution Time
"(160, 100)",0.1,2.3244474,0.10131667,0.10279952,1019.4137537479401
"(100, 160)",0.1,2.3253877,0.10041667,0.09739954,1359.078777551651
"(100, 100)",0.1,2.324632,0.10075001,0.09799953,1117.0074152946472
"(100, 60)",0.1,2.3242283,0.10041667,0.09739954,1050.0094079971313
"(60, 60)",0.1,2.3245666,0.1035,0.100999504,1271.1226246356964
