Hidden Layers,Learning Rate,Final Loss,Final Accuracy,Test Accuracy,Execution Time
"(160, 100)",0.001,0.07038808,0.99646664,0.9689019,1041.141901731491
"(100, 160)",0.001,0.09735789,0.9962666,0.9635019,1356.717942237854
"(100, 100)",0.001,0.061007254,0.99548334,0.965202,1146.6160809993744
"(100, 60)",0.001,0.020379169,0.9948666,0.96330214,1028.7735147476196
"(60, 60)",0.001,0.02425824,0.99366665,0.956802,1326.1779799461365
